#	Keyword	URL	Role	Page	Current Rank
1	wholesale food suppliers to the public	https://foodistribute.com.au/	P	Existing	17
2	foodservice distributors australia	https://foodistribute.com.au/	S	Existing	17
3	hospitality food suppliers	https://foodistribute.com.au/cafe-and-restaurant-food-suppliers/	S	Existing	Not ranking
4	commercial food suppliers	https://foodistribute.com.au/	S	Existing	12
5	catering food suppliers	https://foodistribute.com.au/cafe-and-restaurant-food-suppliers/	S	Existing	Not ranking
6	gourmet food wholesaler australia	https://foodistribute.com.au/	S	Existing	Not ranking
7	specialty food supplier australia	https://foodistribute.com.au/	S	Existing	3
8	cafe supplies wholesale australia	https://foodistribute.com.au/cafe-and-restaurant-food-suppliers/	P	Existing	Not ranking
9	cheap bulk groceries online australia	https://foodistribute.com.au/product-category/bulk-buy-deals/	P	Existing	19
10	food suppliers sydney	https://foodistribute.com.au/areas-we-serve/sydney/	P	Existing	4
11	melbourne food distributors	https://foodistribute.com.au/areas-we-serve/melbourne/	P	Existing	3
12	food distributors adelaide	https://foodistribute.com.au/areas-we-serve/adelaide/	P	New	12 (homepage)
13	wholesale food suppliers adelaide	https://foodistribute.com.au/areas-we-serve/adelaide/	S	New	14 (homepage)
14	food distributors brisbane	https://foodistribute.com.au/areas-we-serve/brisbane/	P	New	13 (homepage)
15	wholesale food suppliers brisbane	https://foodistribute.com.au/areas-we-serve/brisbane/	S	New	Not ranking
16	wholesale food suppliers gold coast	https://foodistribute.com.au/areas-we-serve/gold-coast/	P	New	8 (homepage)
17	wholesale food suppliers sunshine coast	https://foodistribute.com.au/areas-we-serve/sunshine-coast/	P	New	13 (homepage)
18	food distributors newcastle	https://foodistribute.com.au/areas-we-serve/newcastle/	P	New	16 (homepage)
19	wholesale food suppliers newcastle	https://foodistribute.com.au/areas-we-serve/newcastle/	S	New	Not ranking
20	wholesale cheese suppliers	https://foodistribute.com.au/product-category/cheese-dairy/	P	Existing	Not ranking
21	bulk cheese suppliers	https://foodistribute.com.au/product-category/cheese-dairy/	S	Existing	8
22	bulk extra virgin olive oil australia	https://foodistribute.com.au/product-category/oil-vinegar/olive-oil/	P	Existing	2
23	wholesale extra virgin olive oil australia	https://foodistribute.com.au/product-category/oil-vinegar/olive-oil/	S	Existing	3
24	extra virgin olive oil wholesale	https://foodistribute.com.au/product-category/oil-vinegar/olive-oil/	S	Existing	6
25	bulk anchovies	https://foodistribute.com.au/product-category/meat-seafood/tinned-seafood-wholesale/	P	Existing	1
26	bulk baking supplies	https://foodistribute.com.au/product-category/wholesale-bakery-supplies/	S	Existing	4
27	wholesale bakery supplies	https://foodistribute.com.au/product-category/wholesale-bakery-supplies/	P	Existing	4
28	wholesale chocolate australia	https://foodistribute.com.au/product-category/chocolate-patisserie/wholesale-chocolate-supplies/	P	Existing	2
29	chocolate distributor australia	https://foodistribute.com.au/product-category/chocolate-patisserie/wholesale-chocolate-supplies/	S	Existing	6
30	callebaut chocolate australia	https://foodistribute.com.au/product-category/chocolate-patisserie/callebaut-chocolate-supplies/	P	Existing	4
31	valrhona chocolate australia	https://foodistribute.com.au/brand/valrhona/	P	Existing	15
32	valrhona cocoa powder	https://foodistribute.com.au/product/valrhona-cocoa-powder-3kg/	P	Existing	3
33	fabbri amarena cherries	https://foodistribute.com.au/product/fabbri-amarena-cherries-in-syrup-opaline-jar-600g/	P	Existing	2
34	belcolade chocolate australia	https://foodistribute.com.au/brand/belcolade/	P	Existing	18
35	ewald gelatine sheets australia	https://foodistribute.com.au/product/ewald-gelatine-sheets-gold-1kg/	P	Existing	2
36	guindilla peppers	https://foodistribute.com.au/product-category/pantry-grocery/preserved-vegetables/	P	Existing	4
37	heilala vanilla bean paste	https://foodistribute.com.au/brand/heilala/	P	Existing	Not ranking
38	japanese matcha powder australia	https://foodistribute.com.au/product-category/japanese-asian/	P	Existing	Not ranking
39	mariage freres tea australia	https://foodistribute.com.au/brand/mariage-freres/	P	Existing	3
40	murray river pink salt flakes	https://foodistribute.com.au/product/murray-river-pink-salt-flakes-500g/	P	Existing	13
41	olssons smoked salt redgum	https://foodistribute.com.au/product/olssons-smoked-salt-redgum-500g/	P	Existing	12
42	rustichella pasta australia	https://foodistribute.com.au/brand/rustichella/	P	Existing	Not ranking
43	tabletop muscatels australia	https://foodistribute.com.au/product/tabletop-muscatel-clusters-4kg/	P	Existing	1
44	umami matcha powder australia	https://foodistribute.com.au/product/umami-matcha-powder-500g/	P	Existing	2
45	wholesale bakery fillings australia	https://foodistribute.com.au/product-category/wholesale-bakery-supplies/	S	Existing	13
46	wholesale bakery flavouring australia	https://foodistribute.com.au/product-category/wholesale-bakery-supplies/	S	Existing	6
47	wholesale lavosh crackers australia	https://foodistribute.com.au/product-category/crackers-snacks/	P	Existing	Not ranking
48	martins potato rolls australia	https://foodistribute.com.au/brand/martins/	P	Existing	Not ranking
49	asian food wholesalers australia	https://foodistribute.com.au/product-category/asian-grocery-wholesaler/	P	Existing	20
50	wholesale asian food supplier	https://foodistribute.com.au/product-category/asian-grocery-wholesaler/	S	Existing	10
