Top queries,Clicks,Impressions,CTR,Position
acs debt collection,200,1075,18.6%,5.84
debt collection agency,90,8582,1.05%,16.75
debt collection services,25,3084,0.81%,23.24
acs collections,13,377,3.45%,26.78
debt collection agency sydney,12,3597,0.33%,12.5
acs credit and debt collection professionals,11,109,10.09%,3.25
acs debt collectors,10,303,3.3%,8.18
sonia pellegrini,10,127,7.87%,2.76
debt collection nsw,9,1479,0.61%,10.33
debt collection,8,5132,0.16%,30.79
debt collectors nsw,8,1749,0.46%,7.92
debt collectors,8,739,1.08%,15.61
commission only debt collection,8,465,1.72%,19.09
0313671490,8,118,6.78%,6.76
debt collection agencies,7,1678,0.42%,26.58
debt collection agency nsw,6,1008,0.6%,3.88
debt collector nsw,6,630,0.95%,6.51
accelerated collection services,6,68,8.82%,25.72
debt recovery agency,5,1632,0.31%,24.22
debt recovery services,5,1070,0.47%,19.37
acs debt,5,171,2.92%,15.12
commission only debt collection service,5,71,7.04%,7.04
debt collectors sydney,4,3177,0.13%,13.68
collections agency,4,640,0.62%,31.7
debt collectors near me,4,449,0.89%,21.13
debt collection near me,4,292,1.37%,18.8
debt collection agency near me,4,265,1.51%,21.66
acs collection,4,162,2.47%,24.44
acs debt collection phone number,4,148,2.7%,18.03
debt collection sydney,3,4138,0.07%,12.87
debt collector sydney,3,1554,0.19%,12.23
personal debt collection agency,3,401,0.75%,22.3
acs debt collector,3,128,2.34%,23.73
acs credit,3,113,2.65%,9.04
female debt collector,3,20,15%,7.5
debt collection services sydney,2,1070,0.19%,7.82
collection agency,2,895,0.22%,32.09
debt collection agencies sydney,2,893,0.22%,11.67
debt collector,2,835,0.24%,29.45
sydney debt collectors,2,606,0.33%,13.11
acs debt recovery,2,154,1.3%,9.86
acs collection agency,2,101,1.98%,32.82
debt collector near me,2,84,2.38%,18.42
list of debt collection agencies in australia,2,63,3.17%,48.65
debt recovery sydney,1,2809,0.04%,13.12
debt collection agency australia,1,2234,0.04%,23.35
debt recovery agency sydney,1,870,0.11%,9.2
credit collection services,1,812,0.12%,19.43
debt collection company,1,693,0.14%,17.27
personal debt collectors sydney,1,382,0.26%,10.38
debt collector services,1,211,0.47%,19.25
accelerated collection service,1,209,0.48%,54.32
small debt collection agency,1,207,0.48%,65.31
debt recovery service,1,205,0.49%,21.98
acspay,1,183,0.55%,9.39
repossession recovery,1,178,0.56%,6.28
debt collectors agency,1,167,0.6%,16.46
debt recovery services australia,1,158,0.63%,33.96
debt collection agency small business,1,155,0.65%,53.12
debt collection success rate,1,139,0.72%,82.01
debt collect,1,111,0.9%,15
acs debt collectors contact number,1,73,1.37%,7.96
debt collector agency,1,67,1.49%,11.72
who is acs collection agency,1,46,2.17%,45.11
debt collection agent,1,37,2.7%,21.22
small debt collection,1,36,2.78%,52.42
debt collectors for small amounts,1,33,3.03%,22.09
acs collections agency,1,32,3.12%,17.59
acs asset management,1,30,3.33%,6.5
online debt recovery services,1,25,4%,13.24
debt collection agency in australia,1,22,4.55%,21.55
collections company,1,21,4.76%,14.95
what is acs debt collection,1,20,5%,4.55
australian collection group,1,20,5%,8.25
dept collection agency,1,19,5.26%,5.47
recovery agency,1,19,5.26%,9.05
recovery debt collector,1,19,5.26%,16.53
debt collection business,1,17,5.88%,19.71
online debt collection services,1,16,6.25%,9.5
accelerated debt,1,15,6.67%,2.67
acs repossession,1,15,6.67%,7.67
debt collection agency for sale,1,14,7.14%,15.93
best debt collector,1,13,7.69%,7.92
debt collection services near me,1,12,8.33%,4.5
account collections,1,8,12.5%,11.38
acp debt collector,1,6,16.67%,8.33
cheapest debt collection agency,1,6,16.67%,9
abcdebt,1,5,20%,8.6
no collection no fee,1,3,33.33%,8.33
abc mercantile,1,2,50%,2.5
debt collection agency for medical bills,1,1,100%,10
debt collection australia,0,1935,0%,38.58
acs login,0,1541,0%,17.25
debt collection agencies australia,0,1445,0%,18.99
sydney debt collection,0,1343,0%,9.84
collection agency australia,0,1327,0%,42.93
acs services,0,1081,0%,3
debt collection service,0,1002,0%,20.09
debt collection agency for small business,0,994,0%,66.82
debt recovery collection agency,0,950,0%,34.28
credit collection services australia,0,942,0%,36.43
debt collection agencies in australia,0,824,0%,35.21
debt recovery agents,0,777,0%,42.02
debt collections,0,775,0%,34.51
debt collection services australia,0,699,0%,18.82
credit collections,0,685,0%,58.31
debt collection agencies for small businesses,0,670,0%,56.67
debt collection services brisbane,0,669,0%,77.15
debt collections agencies,0,636,0%,43.64
debt recovery services sydney,0,622,0%,7.72
commercial debt collection agency,0,603,0%,69.87
debt collections australia,0,591,0%,38.14
hospital debt collection companies,0,583,0%,40.75
debt collection sydney australia,0,577,0%,8.48
debt recovery in nsw,0,561,0%,37.14
agency debt collection,0,560,0%,33.7
debt collecting agency,0,558,0%,13.77
debt recovery agency australia,0,556,0%,22.24
debt collect agency,0,538,0%,19.65
hospital debt collection services,0,518,0%,43.19
debt collection perth,0,518,0%,71
credit collections australia,0,514,0%,50.98
debt collection companies,0,508,0%,22.91
sydney repossession services,0,500,0%,33.04
healthcare debt collection companies,0,496,0%,33.77
best debt collection agency,0,493,0%,23.84
hospital debt collection providers,0,488,0%,43.33
small business debt collection agency,0,480,0%,68.03
healthcare debt collection services,0,466,0%,36.58
debt collection agency perth,0,455,0%,55.73
collections company for small business,0,447,0%,66.71
credit collection,0,442,0%,28.33
healthcare debt collection providers,0,396,0%,38.91
collection debt service,0,392,0%,37.91
collection services sydney,0,389,0%,4.81
debt collection agents,0,384,0%,20.58
debt collection specialist sydney,0,382,0%,9.27
debt recovery agent sydney,0,371,0%,8.65
collection agency sydney,0,364,0%,10.5
debt recovery nsw,0,362,0%,23.9
debt collectors sydney nsw,0,361,0%,10.2
payment collection services,0,361,0%,26.82
money recovery agency,0,359,0%,33.46
debt recovery agent,0,357,0%,25.22
debt collectors services,0,353,0%,19
debt collectors australia,0,336,0%,31.4
debt collection firm,0,326,0%,32.14
australian debt collection,0,326,0%,56.32
best debt collection agency australia,0,325,0%,22.84
repossession agencies sydney,0,322,0%,16.77
account collection services,0,320,0%,11.14
debt collection agencies near me,0,309,0%,29.18
debt collection companies australia,0,294,0%,17.2
debt collections agency,0,283,0%,20.12
collection services,0,280,0%,12.5
debt collection services melbourne,0,280,0%,75.46
debt recovery company,0,278,0%,39.77
repossession services australia,0,277,0%,15.99
debt recovery penrith,0,276,0%,47.24
collection agency for sale,0,273,0%,22.93
us debt recovery,0,270,0%,73.33
debt collection brisbane,0,267,0%,83.46
debt collection firms,0,257,0%,23.81
personal debt collection,0,250,0%,28.28
debt collection melbourne australia,0,250,0%,80.43
debt recovery australia,0,249,0%,54.08
collection of a debt,0,248,0%,54.61
repossession services in sydney,0,244,0%,28.9
online debt recovery,0,244,0%,44.08
debt collecting agencies,0,242,0%,24.8
collection agency services,0,240,0%,29.82
sydney debt recovery,0,238,0%,9.58
login acs,0,234,0%,26.74
debt recovery agencies,0,233,0%,21.98
collections agencies,0,232,0%,44.25
best debt collectors,0,227,0%,35.14
debt recovery companies,0,219,0%,24.16
debt collection and recovery,0,218,0%,53.04
collection agency near me,0,216,0%,23.77
commercial debt recovery agency,0,214,0%,37.14
debt collection companies for small businesses,0,211,0%,61.04
debt collection agencys,0,208,0%,24.81
collection agency for small business,0,205,0%,71.59
debit collection agency,0,203,0%,17.61
debt collection help agencies,0,202,0%,22.28
debt to collection agency,0,202,0%,37.49
credit collection agency,0,198,0%,22.51
commission only debt collectors,0,196,0%,21.93
collection agencies,0,196,0%,34.23
sydney debt collection agency,0,194,0%,9.33
debt collector australia,0,193,0%,36.32
debt collection agencies melbourne,0,193,0%,79.09
credit collection agencies,0,192,0%,27.55
debt collection agency for business,0,191,0%,26.31
agency debt collector,0,191,0%,32.11
cost of debt collection services,0,189,0%,38.21
personal debt collectors,0,187,0%,29.58
the best debt collection agency,0,186,0%,18.29
online debt collection,0,186,0%,23.99
debt recovery collection,0,186,0%,35.38
best debt collectors australia,0,185,0%,20.86
business debt collection agency,0,182,0%,40.8
credit collection services email,0,181,0%,24.16
www.acspay,0,179,0%,10.01
best debt collection,0,179,0%,23.62
best debt collection agencies melbourne,0,176,0%,47.8
debt collection agency brisbane,0,176,0%,68.24
the best collection agency,0,175,0%,20.45
collection agencies near me,0,175,0%,31.14
best debt collectors melbourne,0,175,0%,43.31
australia debt collection,0,175,0%,59.43
collection agencies sydney,0,172,0%,10.08
how to find collection agency,0,172,0%,34.91
when do debt collectors give up,0,170,0%,86.07
debt collection notice letter,0,169,0%,58.5
collection and payment services,0,169,0%,67.48
debt recovery specialists for businesses,0,167,0%,44.74
hire debt collection agency,0,166,0%,29.95
accounts receivable agency,0,166,0%,40.14
international debt recovery sydney,0,165,0%,13.81
outstanding debt collections,0,164,0%,55.02
personal debt collection australia,0,163,0%,30.15
collection companies,0,162,0%,23.72
free debt collection agency,0,162,0%,30.18
companies looking for collection agencies,0,161,0%,46.99
top debt collection companies,0,160,0%,24.54
personal debt collector,0,159,0%,29.11
top debt collectors,0,159,0%,44.34
debt recovery agency melbourne,0,158,0%,87.92
australian repossession services,0,157,0%,22.43
debt recovery sutherland,0,157,0%,32.89
debt collector for hire,0,156,0%,48.65
debt collection agency for small amounts,0,155,0%,26.3
how to find your collection agency,0,155,0%,31.28
australian debt collectors,0,155,0%,46.86
best debt collection agencies,0,154,0%,26.3
collection agnecy,0,153,0%,33.75
best debt recovery,0,152,0%,31.38
debt recovery perth,0,152,0%,79.99
services collection agency,0,151,0%,39.95
collection company,0,151,0%,44.23
debt recovery professionals near me,0,150,0%,31.49
hire a collection agency to collect a debt,0,149,0%,31.87
no fee debt collection,0,149,0%,47.97
debt collection service melbourne,0,149,0%,76.03
loan recovery services,0,148,0%,47.61
debt collectors in australia,0,148,0%,71.26
business debt collection services,0,147,0%,33.55
debt recovery firms,0,145,0%,26.15
debit collection,0,144,0%,38.4
credit collection letter,0,144,0%,52.61
debt collection for small businesses,0,141,0%,90.33
collections solutions,0,140,0%,51.01
3 debt collection agency,0,139,0%,22.15
collection agancy,0,139,0%,34.52
debt recovery lismore,0,139,0%,36.31
collection recovery services,0,138,0%,51.64
bad debt collection agency,0,138,0%,80.54
new south wales debt recovery,0,137,0%,42.92
debt collection agencies brisbane,0,137,0%,90.03
det collection,0,136,0%,46.81
credit solutions debt collection agency,0,136,0%,54.72
debt recovery parramatta,0,136,0%,82.51
how do debt collectors find you australia,0,133,0%,58.66
debt collecting,0,131,0%,34.54
best collection agency,0,130,0%,32.06
collection agencies for small businesses,0,130,0%,38.82
"debt collection agency in casino, new south wales",0,129,0%,7.67
1800 617 899,0,129,0%,9.74
collecting agency,0,129,0%,47.02
collection agency cost,0,128,0%,52.84
legal collection letter,0,127,0%,93.71
debt recovery investigations,0,126,0%,26.4
collection department,0,125,0%,20.77
debtcollection,0,125,0%,42.84
debt recovery agency near me,0,124,0%,24.98
consumer debt recovery companies,0,124,0%,42.27
commercial debt recovery companies near me,0,122,0%,39.39
receivables management consultant,0,120,0%,8.38
best debt collection companies in australia,0,119,0%,24.04
debt recoveries australia pty,0,119,0%,70.26
how to choose a debt collection agency,0,119,0%,75.56
debt collection services perth,0,117,0%,74.71
collection agent,0,115,0%,12.21
credit collection services address,0,114,0%,26.97
active debt recovery,0,114,0%,30.04
advance debt collection,0,114,0%,32.85
debt collection services for small businesses,0,113,0%,41.56
credit account recovery solutions,0,113,0%,54.63
hire debt collector,0,110,0%,35.81
debt collector business,0,110,0%,42.9
automated collection system,0,110,0%,48.39
acs sydney,0,109,0%,12.07
bill collection agency,0,109,0%,55.46
business debt recovery services,0,108,0%,35.81
deb collection recovery,0,108,0%,67.56
professional debt collection services,0,107,0%,18.5
australian collection services,0,106,0%,8.9
sydney repossession,0,106,0%,30.54
financial recovery collection agency,0,106,0%,35.51
consumer debt recovery services,0,105,0%,51.03
receivables management,0,104,0%,18.53
agency collection debt,0,100,0%,47.58
collection agency melbourne,0,99,0%,83.21
accounts receivable management collection agency,0,98,0%,7.72
small business debt collectors,0,98,0%,68.24
debt agency,0,97,0%,38.39
collections agency for small business,0,97,0%,73.42
small business collection agency,0,97,0%,76.92
acs pay,0,96,0%,7.96
personal debt recovery agency,0,95,0%,11.96
personal collection agency,0,95,0%,15.52
skip tracing debt collection,0,95,0%,17.22
acspay contact number,0,93,0%,8.78
perth debt collectors,0,93,0%,88.38
debt collection awards,0,92,0%,46.14
debt collection companies sydney,0,91,0%,7.14
02 8599 7920,0,90,0%,11.21
aust receivables mgmt p/l,0,87,0%,1.92
melbourne debt collection agency,0,86,0%,83.16
local debt collectors,0,85,0%,35.87
debt collection service brisbane,0,85,0%,81.78
debt collection in australia,0,84,0%,45.63
skip investigations,0,83,0%,24.01
small business debt collections,0,83,0%,91.65
debt collection agency qld,0,82,0%,51.41
outstanding collections,0,81,0%,9.57
perth debt collection,0,81,0%,84.95
cash for cash collector nsw,0,80,0%,3.73
money recovery agent,0,80,0%,19.65
business collection agency,0,80,0%,59.46
australia debt recovery,0,76,0%,55.3
debt collection central coast,0,75,0%,78.37
legal collection agency,0,74,0%,64.53
debt recovery wollongong,0,74,0%,78.45
collection agents,0,72,0%,32
professional debt recovery agencies,0,70,0%,25.41
debt collectors perth,0,70,0%,70.26
asset recovery services,0,69,0%,10.58
australian debt recovery,0,68,0%,58.51
debt recovery for business,0,68,0%,74.51
accelerated collection services company,0,67,0%,8.61
acs payment,0,67,0%,15.1
creditor collection services,0,67,0%,35.13
commission based debt collection,0,66,0%,29.48
debt collection newsletter,0,66,0%,30.23
debt collection letter of demand,0,66,0%,45.73
australian debt recoveries,0,66,0%,54.82
debt collectors for small business,0,66,0%,69.12
service debt collection,0,65,0%,14.11
final demand letter,0,65,0%,30.48
debt collection field agents,0,65,0%,47.43
collecting bad debts small business,0,65,0%,91.26
debt collection training services,0,63,0%,35.81
how much does a debt collector cost,0,63,0%,53.33
debt recovery for businesses,0,63,0%,70.08
receivables management solutions,0,62,0%,8.53
credit recovery services,0,62,0%,47.84
collection services for small business,0,61,0%,50.9
sydney recovery firm,0,61,0%,75.2
debt collection small business,0,60,0%,91.05
private debt collectors,0,59,0%,15.34
acs login in,0,59,0%,39.63
debt collections agencies melbourne,0,59,0%,86.27
collection agency legal action,0,58,0%,63.31
credit collect,0,57,0%,41.75
debt collection service sydney,0,56,0%,4.14
small business debt collection sydney,0,56,0%,50.59
asset recovery,0,53,0%,14.43
debt recovery western sydney,0,53,0%,22.19
account recovery services,0,52,0%,56.87
australian recoveries and collections,0,52,0%,74.1
small business debt collection,0,52,0%,80.65
debt collectors in sydney,0,51,0%,9.59
small business debt collection services,0,51,0%,82.73
collection agency personal,0,50,0%,10.96
business debt collection agencies,0,50,0%,30.44
debt recoveries,0,50,0%,48.12
debt collection laws nsw,0,50,0%,55.8
debt collection agencies perth,0,50,0%,84.08
ampac debt recovery,0,49,0%,32.76
au receivables,0,49,0%,45.9
professional collection services,0,49,0%,57.92
acs debt collection email,0,48,0%,20
acs agency,0,47,0%,6.11
acspay login,0,47,0%,10.02
credit and collections applications,0,47,0%,39.51
invoice collection agency,0,46,0%,41.13
debt collection letters,0,45,0%,36.78
nsw debt recovery process,0,45,0%,61.89
1300 262 493,0,44,0%,6.95
debt collector jobs,0,44,0%,14.89
australian receivables management,0,44,0%,25.16
debt collection solutions,0,44,0%,35.73
debt collection parramatta,0,44,0%,78.57
client services debt collector,0,43,0%,54.3
debt collection for small business,0,43,0%,68.88
nsw debt collection,0,42,0%,11.1
professional debt collection,0,42,0%,19.83
outsource collection agency,0,42,0%,77.33
professional debt recovery,0,41,0%,18.41
professional collections services,0,41,0%,51.34
acs credit services,0,40,0%,7.25
letter of payment collection,0,40,0%,65.12
invoice collection services australia,0,39,0%,11.54
corporate debt collection agencies,0,39,0%,12.74
professional debt collectors,0,39,0%,13.59
coast to coast debt collection,0,39,0%,29.87
receivables management advisor,0,39,0%,30.62
personal debt collectors melbourne,0,39,0%,85.33
0414 251 571,0,38,0%,10.11
debt and collections,0,38,0%,40.03
collection agency what is it,0,38,0%,56.11
acs debt collection reviews,0,37,0%,6.49
acs australia login,0,37,0%,16.73
acs log in,0,37,0%,27.65
fast debt recovery solutions,0,37,0%,73.89
collection agency perth,0,37,0%,74.59
mercantile debt collection agency,0,37,0%,89.11
debt collection agency in pune,0,36,0%,95.25
repossession recovery.com,0,35,0%,7.89
acs dashboard,0,35,0%,37.23
australian recoveries & collections pty ltd,0,35,0%,58.49
commercial debt collection agencies,0,34,0%,18.97
debt collectors canberra,0,34,0%,87.32
acs login australia,0,33,0%,20.94
debt collection penrith,0,33,0%,34.48
debt collection agency melbourne,0,33,0%,54.52
debt recoveries australia,0,33,0%,67.61
online debt collection agency,0,32,0%,14.47
receivables collection service,0,32,0%,24.44
money collection service,0,32,0%,29.25
account receivable debt collectors,0,31,0%,12.52
debt collection management,0,31,0%,28.42
childcare ‎debt recovery agency,0,31,0%,75.74
debt recovery agency brisbane,0,31,0%,88.03
when do collection agencies give up,0,31,0%,92.68
acs client portal,0,30,0%,10.5
debt collection agency oceania,0,30,0%,11.27
debt recovery near me,0,30,0%,12.27
looking for debt collectors,0,30,0%,14.93
collections agency near me,0,30,0%,18.13
collection accounts,0,30,0%,19.43
collection agency debt,0,30,0%,19.97
acs debt collection agency,0,30,0%,37.7
automated collectn services,0,29,0%,4.21
03 8611 2682,0,29,0%,6.34
debt collecting sydney,0,29,0%,12.76
debt collection letter,0,29,0%,65.48
accelerated receivables collection agency,0,29,0%,69.03
collections agency australia,0,28,0%,17.86
accelerated collections,0,28,0%,43.82
ams debt collection,0,27,0%,11.11
banking debt collection services,0,27,0%,22.44
debt collectirs,0,27,0%,38.33
0406 382 027,0,26,0%,10.04
collections debt,0,26,0%,20.58
debt agencies,0,26,0%,21.04
receivables recovery,0,26,0%,25.65
debt collecters,0,26,0%,36.27
how to hire a debt collection agency,0,26,0%,38.96
debt recovery solutions,0,26,0%,56.92
consumer debt collection agency,0,26,0%,59.54
debt collection training courses sydney,0,26,0%,77.81
debt collection faroe islands,0,26,0%,80.5
repossession agents australia,0,26,0%,85.58
debt collection agency.,0,25,0%,11.76
accounts receivable management services,0,25,0%,17.6
private debt collection agency,0,25,0%,20.32
collection debt,0,25,0%,27.6
collect debt,0,25,0%,28.84
pay on collection,0,25,0%,30.4
debt collectors for personal debts australia,0,25,0%,37.04
small business collections,0,25,0%,46.8
commercial debt collection,0,25,0%,78.44
debt collection services perth wa,0,25,0%,81.96
debt collector service,0,24,0%,4.21
acs payments,0,24,0%,7.17
invoice collection services,0,24,0%,11.5
debt collection business for sale,0,24,0%,13.12
acs contact,0,24,0%,33.25
cash collection services sydney,0,24,0%,40.83
debt collector letter,0,24,0%,50.46
debt collector perth,0,24,0%,72.71
automated collection services,0,23,0%,5.17
debt collector company,0,23,0%,14.87
debt recovery management,0,23,0%,26.13
personal debt recovery,0,23,0%,40.17
fast collection agency,0,23,0%,53.61
debt collectors wollongong,0,23,0%,59.22
quick payment collection,0,22,0%,9.14
02 9220 0281,0,22,0%,10.05
one off debt collection,0,22,0%,10.09
australian collections group,0,22,0%,20.95
credit collections services,0,22,0%,21.32
pay collections,0,22,0%,31.18
outsource debt collection,0,22,0%,40.05
outsource debt collection agency,0,22,0%,44.45
personal debt recovery services,0,21,0%,10.48
acs payment portal,0,21,0%,10.67
corporate debt collection company,0,21,0%,15.62
debt management services sydney,0,21,0%,44.62
debt collection agency townsville,0,21,0%,67.48
debt collector companies,0,20,0%,10.1
debt collecting company,0,20,0%,12.65
debt collection industry,0,20,0%,23.3
nsw debt recovery,0,20,0%,28.25
debt recovery experts,0,20,0%,44.4
debt collection agency adelaide,0,20,0%,60.65
acs primary care physicians collections,0,19,0%,1
acs accounting,0,19,0%,7.11
payment collection agency,0,19,0%,7.26
acs recoveries contact details,0,19,0%,13.11
collections services,0,19,0%,24.26
collections debt recovery,0,19,0%,26.95
repossession sydney australia,0,19,0%,51.95
biggest debt collection agencies,0,19,0%,63.68
debt collecting service melbourne,0,19,0%,69.42
small business collections agency,0,19,0%,76.21
debt collection canberra,0,19,0%,79.21
business debt collection,0,19,0%,83
debt collection company melbourne,0,19,0%,85.11
national debt collection,0,19,0%,87.05
debt recovery australia cost,0,19,0%,89.37
debt collection agency services,0,18,0%,8.78
acs sydney office,0,18,0%,9.94
reputable debt collection agencies,0,18,0%,18.61
hire a debt collector,0,18,0%,19.61
debt collection agency newcastle,0,18,0%,40.44
small debt collectors,0,18,0%,43.33
slater byrne recoveries sydney,0,18,0%,46.17
debt collection outsourcing,0,18,0%,55.83
how to find all my debt collectors,0,18,0%,64.78
financial recovery (48 hours),0,18,0%,69.72
debt collectors central coast,0,18,0%,74.89
debt help in sydney,0,18,0%,87.78
debt collection agency canberra,0,18,0%,89.61
credit collection service,0,17,0%,9.65
debt collecting in nsw,0,17,0%,10.29
acs recovery services,0,17,0%,14
locate a debtor,0,17,0%,18.71
debt collector hire,0,17,0%,38.12
debt collection agency faroe islands,0,17,0%,75.41
debt collecting brisbane,0,17,0%,81.94
debt collection blacktown,0,17,0%,85.53
personal debt collector melbourne,0,17,0%,86.06
collections agencies near me,0,16,0%,5.44
bill collection companies,0,16,0%,6.69
get paid debt collection,0,16,0%,9.19
repossession and recovery,0,16,0%,12.06
acs recovery,0,16,0%,19.19
debt collector online,0,16,0%,20.94
debt collection for business,0,16,0%,24.38
final demand notice,0,16,0%,27.31
australian debt recovery office,0,16,0%,44.56
debt collection demand letter,0,16,0%,49.88
commercial credit services debt collection agency,0,16,0%,57.69
what is a collection agency,0,16,0%,71
macquarie debt collection,0,16,0%,71.94
9131 7600,0,15,0%,6.93
call acs,0,15,0%,7.93
07 4763 4090,0,15,0%,10.2
fast debt recovery,0,15,0%,12.27
02 8616 0400,0,15,0%,19.4
debt collection agency for individuals,0,15,0%,22.27
final demand,0,15,0%,30.07
commercial debt recovery services,0,15,0%,35.4
creditors collection,0,15,0%,60
outsource debt collection australia,0,15,0%,65.8
how to collect debt in australia,0,15,0%,87.07
repossession companies australia,0,15,0%,91.73
acs financial services,0,14,0%,2.5
accelerated collection service company,0,14,0%,7
outstanding invoice collection perth,0,14,0%,28.93
debt recovery asset repossession,0,14,0%,31.36
debt recovery ballina,0,14,0%,40.29
active debt recovery perth,0,14,0%,45.21
debt collection service newcastle,0,14,0%,50.21
best debt recovery agency,0,14,0%,52.57
australian debt recover,0,14,0%,52.79
debt recovery agency victoria,0,14,0%,65.21
debt collectors perth wa,0,14,0%,83.86
debt collectors newcastle,0,14,0%,90.79
dept collector,0,13,0%,18.54
debt collection jobs,0,13,0%,21.15
professional debt collection agency,0,13,0%,24.46
debt services,0,13,0%,26.54
money recovery agents,0,13,0%,29.31
debt recovery asset repossession process,0,13,0%,31.62
payment collection,0,13,0%,33
accounts receivable debt collection,0,13,0%,41.62
australian debt collection agency,0,13,0%,45.69
small debt collector,0,13,0%,46.46
small business debt collector,0,13,0%,52.69
collection agency letter,0,13,0%,53.62
acs premium,0,13,0%,54.38
debt credit services,0,13,0%,58.08
acs portal,0,13,0%,60.38
debt collection service perth,0,13,0%,68.85
business debt collection agency melbourne,0,13,0%,86.08
debt recovery in cape verde,0,13,0%,96.85
what will debt collectors do,0,13,0%,97.38
find a collection agency,0,12,0%,7.58
9131 7626,0,12,0%,9.42
debts collection agency,0,12,0%,11.83
debt recovery firm,0,12,0%,14.67
debt box login,0,12,0%,18.25
acs legal,0,12,0%,20.42
asset collections login,0,12,0%,26.17
how much does debt collection cost,0,12,0%,46.58
the debt collection,0,12,0%,47.5
recovery agents,0,12,0%,49.83
debt nsw,0,12,0%,53.42
best debt collection agency melbourne,0,12,0%,62.42
outsourced debt collection,0,12,0%,67.83
small debt collection brisbane,0,12,0%,93.42
what a debt collector can do,0,12,0%,95.75
hire a debt collection service,0,11,0%,3.64
credit recovery agency,0,11,0%,4.36
9131 7615,0,11,0%,5.18
a debt collection agency,0,11,0%,9.09
acs service,0,11,0%,9.09
reposession recovery,0,11,0%,9.18
legal recovery,0,11,0%,10.45
repossession services,0,11,0%,11.64
legal recovery services,0,11,0%,26.45
final letter of demand,0,11,0%,38.27
collecting payment,0,11,0%,41.27
debt collection blog,0,11,0%,54.64
diy debt solutions,0,11,0%,70.45
corporate debt collection sunshine coast,0,11,0%,72.82
debt collection mauritius,0,11,0%,74.18
outsourcing debt collection,0,11,0%,76.09
debt collection iceland,0,11,0%,83.36
brisbane debt collectors,0,11,0%,97.64
debt collecting services,0,10,0%,4.4
residential debt collection agencies,0,10,0%,6.1
loan recovery agent,0,10,0%,7.2
acs judgment recovery service company,0,10,0%,7.5
hire a debt collection agency,0,10,0%,9.1
debt recovery business for sale,0,10,0%,11.1
debt collection for individuals,0,10,0%,12.9
free debt collection,0,10,0%,14.3
agency collection,0,10,0%,14.4
debt collectors companies,0,10,0%,15.7
acs contact number,0,10,0%,19
debt collections services,0,10,0%,20.1
professional debt recovery services,0,10,0%,20.5
credit collector,0,10,0%,23.5
login to acs,0,10,0%,24.2
collecting debt,0,10,0%,34.4
collections payment,0,10,0%,35.6
what is acs payment,0,10,0%,36.4
healthcare+debt+collection+companies,0,10,0%,38.5
corporate debt collection,0,10,0%,39
demand letter debt collection,0,10,0%,52.7
100 guarantee,0,10,0%,55.4
debt collection liverpool,0,10,0%,56.2
retail debt collection,0,10,0%,63.9
acs billing services,0,9,0%,1.11
invoice collection,0,9,0%,7.89
collection team,0,9,0%,8.22
02 4302 4876,0,9,0%,8.33
asset repossession,0,9,0%,8.33
acs inquiry,0,9,0%,9.67
1800 617899,0,9,0%,10.78
debt collectors number,0,9,0%,10.78
debt recovery collection services,0,9,0%,11.78
recovery repossession,0,9,0%,13.11
credit coll collection agency,0,9,0%,17.11
debt company,0,9,0%,18.78
02 8043 8730,0,9,0%,19.44
dept collectors,0,9,0%,19.78
asset recovery investigators,0,9,0%,24.89
debt collecter,0,9,0%,25.78
acspay.co.za,0,9,0%,33.44
collector debt,0,9,0%,36.56
auscare collect,0,9,0%,36.67
debt collection newcastle,0,9,0%,46
australian collections,0,9,0%,46.22
how do debt collectors find you,0,9,0%,64.67
anr services,0,9,0%,78.89
letters of demand nsw,0,9,0%,83.33
how early can debt collectors call,0,9,0%,84.78
debt help sydney,0,9,0%,85.22
bad debt recovery service,0,9,0%,85.78
debt collection wollongong,0,9,0%,88.22
debt collection firm melbourne,0,9,0%,95.11
local guide program,0,8,0%,1
money collection agency,0,8,0%,5.38
debt recovery specialists,0,8,0%,6.62
acs package,0,8,0%,7.38
acs number,0,8,0%,9.75
02 4302 4815,0,8,0%,11.12
asset recovery service,0,8,0%,11.12
debt recovery,0,8,0%,12.25
hire collection agency,0,8,0%,13.75
paid collection,0,8,0%,13.88
debt collectors albury wodonga,0,8,0%,21.12
receivables management perth,0,8,0%,22.62
debt collections agency near me,0,8,0%,23.62
credit collectors,0,8,0%,26.12
debt collections near me,0,8,0%,29.88
debt recovery systems,0,8,0%,33.38
final demand for payment,0,8,0%,33.75
how to find out everything you owe,0,8,0%,35.75
finance debt collection,0,8,0%,45
collection agency help,0,8,0%,48.12
collect your debt,0,8,0%,48.38
hospital+debt+collection+services,0,8,0%,50.12
small collections agency,0,8,0%,51.38
letters to collection agencies,0,8,0%,51.5
ams collections,0,8,0%,59.75
debt collector payment,0,8,0%,63.12
debt collection bhutan,0,8,0%,64.5
national debt collection agency,0,8,0%,72.75
collections outsourcing,0,8,0%,77.25
account services collections,0,7,0%,3.43
debt collector agencies,0,7,0%,4.57
03 91317600,0,7,0%,5.43
"debt collection in sydney, new south wales",0,7,0%,5.43
cia debt recovery,0,7,0%,5.57
good collection agency,0,7,0%,7.43
free collection agency,0,7,0%,7.57
debt collection packages,0,7,0%,7.86
07 3535 1700,0,7,0%,8.14
action collections,0,7,0%,8.43
collection service agency,0,7,0%,9.43
acs office,0,7,0%,10.57
pay acs,0,7,0%,15.43
collection debt agency,0,7,0%,16.29
accounting debt recovery,0,7,0%,16.43
debt collection businesses,0,7,0%,16.71
bill collection,0,7,0%,18.29
hire a collection agency,0,7,0%,18.86
online collection agency,0,7,0%,19.43
education debt collection,0,7,0%,24.71
acs financial,0,7,0%,25
hiring a collection agency for personal debt,0,7,0%,27
debit collector,0,7,0%,28.29
secure payment processing debt collection agency,0,7,0%,35.29
debt collection rates,0,7,0%,40.71
healthcare+debt+collection+providers,0,7,0%,42.14
collection letters,0,7,0%,43.57
debt collection services outsourcing,0,7,0%,45.43
credit recovery,0,7,0%,54.86
australian receivables,0,7,0%,55.14
collection calls,0,7,0%,67
acs payment gateway,0,7,0%,71.29
paying collections,0,7,0%,74.71
small business debt collection melbourne,0,7,0%,75.43
medical bill collection agency,0,7,0%,75.57
debt collection agency sunshine coast,0,7,0%,77
bad debt collection,0,7,0%,92
how to check my collections debt,0,7,0%,94
collection company near me,0,6,0%,3.33
"debt collection in sydney, new south wales, australia",0,6,0%,5.5
dept collection,0,6,0%,5.83
money collections,0,6,0%,6
debt collection organizations,0,6,0%,6.17
aust receivables mgmt,0,6,0%,6.5
02 4302 4880,0,6,0%,6.67
credit collection company,0,6,0%,6.83
debt collection experts,0,6,0%,6.83
08 8448 0694,0,6,0%,7.33
collection service,0,6,0%,7.83
9131 7621,0,6,0%,9.5
acs.login,0,6,0%,9.83
best debt recovery companies,0,6,0%,10
acs investigations,0,6,0%,10.17
asset recovery solutions company,0,6,0%,10.33
acs recovery services company,0,6,0%,10.67
best collection companies,0,6,0%,11.83
acs form,0,6,0%,16
how to pay a debt collection agency,0,6,0%,16.83
early stage collections,0,6,0%,20.83
debt collection recovery,0,6,0%,24.67
debt collection agency process,0,6,0%,25.17
healthcare+debt+collection+services,0,6,0%,31.33
corporate debt collector,0,6,0%,33.83
unpaid invoice collection agency,0,6,0%,34.83
debt companies,0,6,0%,35.33
acs insurance login,0,6,0%,37.83
call collection agency,0,6,0%,46.5
what time can debt collectors call,0,6,0%,50.5
prevent bad debts,0,6,0%,50.67
aust receivables,0,6,0%,58.17
acs collections phone number,0,6,0%,59.5
business debt collectors,0,6,0%,60.5
receivables collection,0,6,0%,60.83
debt collection sunshine coast,0,6,0%,63.67
debt collection agency cuba,0,6,0%,64.5
debt collection from a business,0,6,0%,71.83
online information services debt collection,0,6,0%,78.83
debt collectors albany,0,6,0%,79.5
international debt collection agency,0,6,0%,84.5
china debt collection agency,0,6,0%,86
brisbane debt collector,0,6,0%,97.67
accelerated receivables management company,0,5,0%,2.4
accounts collection specialists company,0,5,0%,2.4
acs inc,0,5,0%,2.8
money recovery agency near me,0,5,0%,2.8
acs legal services,0,5,0%,3.4
debt collector companies near me,0,5,0%,4
cash collection agency,0,5,0%,5.2
debt collection team,0,5,0%,5.2
payment recovery services,0,5,0%,5.8
asset recovery repossession services,0,5,0%,6.2
recovery collection agency,0,5,0%,6.4
national debt recovery agency,0,5,0%,8.8
acs near me,0,5,0%,9.2
local debt collection agency,0,5,0%,9.8
professional services debt collection,0,5,0%,9.8
collecting services,0,5,0%,10.6
invoice collection service,0,5,0%,10.8
02 8015 6276,0,5,0%,11
0451 632 841,0,5,0%,11
small business debt collection agency near me,0,5,0%,11.6
local debt collection agencies,0,5,0%,11.8
asset recovery companies,0,5,0%,12
professional debt services,0,5,0%,12.2
repo services,0,5,0%,12.4
commission collect,0,5,0%,12.8
debt agent,0,5,0%,13
debt collection form,0,5,0%,13.8
debt collection website,0,5,0%,13.8
online debt collector,0,5,0%,14.6
i hate asking for money,0,5,0%,15
registered debt collection agencies,0,5,0%,15.4
debt collector hiring,0,5,0%,15.8
debt recovery team,0,5,0%,16.4
collections agents,0,5,0%,16.6
contact collection agency,0,5,0%,16.8
collections unlimited,0,5,0%,17.4
credit collection servic,0,5,0%,17.6
abc debt solutions,0,5,0%,17.8
australian collection,0,5,0%,20
credit collections agency,0,5,0%,23.8
recovery debt collection,0,5,0%,27.4
what is debt collection agency,0,5,0%,27.6
accounts receivable solutions collection agency,0,5,0%,28.4
ampac debt,0,5,0%,29.8
gcs collection agency,0,5,0%,31.2
acs loans,0,5,0%,32
credit recovery solutions,0,5,0%,34
debt recovery services melbourne,0,5,0%,34.6
pay as you go services,0,5,0%,34.6
debt collector rates,0,5,0%,35
private debt collector,0,5,0%,35.6
hiring collection agency,0,5,0%,38.8
acs collection agency phone number,0,5,0%,39.2
debt and collection,0,5,0%,43.6
what time can bill collectors call,0,5,0%,47
ccs debt collection agency,0,5,0%,55
debt collection agency list,0,5,0%,55
what are collection agencies,0,5,0%,57.8
debt collection broome,0,5,0%,58
debt letter,0,5,0%,59.4
how to become debt collector,0,5,0%,63
hire outsourced debt collection specialist,0,5,0%,64
debt collectors association,0,5,0%,64.6
commission based debt recovery,0,5,0%,65.2
debt collection association,0,5,0%,68.8
ars collection agency phone number,0,5,0%,69.8
what debt collection agency can do,0,5,0%,70.6
collection call times,0,5,0%,71.4
how much do collection agencies charge,0,5,0%,72.8
debt collection agency peru,0,5,0%,77
debt collectors brisbane,0,5,0%,77
what collection agency can do,0,5,0%,82.4
debt collection agency victoria,0,5,0%,87
acs claims services,0,4,0%,1
debt.collector,0,4,0%,1
action collection agency,0,4,0%,2.25
acs lending,0,4,0%,3
acs credit card,0,4,0%,3.5
automated collection services company,0,4,0%,4
receivable collection services,0,4,0%,4
service collections,0,4,0%,4
accelerated debt solutions,0,4,0%,4.25
debt collection agency number,0,4,0%,4.25
small debt collection agency near me,0,4,0%,4.25
bill collection services,0,4,0%,4.5
collection agency recovery,0,4,0%,4.5
payment recovery agency,0,4,0%,5
debt collection office,0,4,0%,5.5
accounts recovery management company,0,4,0%,5.75
money collection services,0,4,0%,6.25
#debtcollection,0,4,0%,6.5
03 8611 2284,0,4,0%,6.75
acs hours,0,4,0%,6.75
solutions debt collection,0,4,0%,6.75
who owns acs,0,4,0%,6.75
money collection company,0,4,0%,7.25
debt collection.,0,4,0%,8.25
www.acspay.com,0,4,0%,8.25
0292306605,0,4,0%,8.5
education debt recovery agencies,0,4,0%,9.25
business collections agency,0,4,0%,9.5
debt collection agencies nsw,0,4,0%,9.5
debt pack,0,4,0%,9.5
company debt collection services,0,4,0%,10
process serving bonbeach,0,4,0%,13.25
hiring a debt collection agency,0,4,0%,13.5
acs accountant,0,4,0%,14.5
complete recovery service,0,4,0%,14.5
debts collection,0,4,0%,14.5
debt agency collection,0,4,0%,14.75
process serving cranbourne,0,4,0%,15.5
collection agency debt settlement,0,4,0%,16.25
credit debt collection,0,4,0%,16.5
recovery agencies,0,4,0%,17
debt collection department,0,4,0%,18.25
asset collections,0,4,0%,18.5
what is a debt collection agency,0,4,0%,21.75
collection agency for personal debt,0,4,0%,22
collection pay,0,4,0%,22.75
debt collectors for electricians,0,4,0%,22.75
collections companies,0,4,0%,23.5
letter of final demand,0,4,0%,23.5
final collection letter,0,4,0%,24.5
construction debt collection agency,0,4,0%,25.5
debts collector,0,4,0%,26.25
small business debt collection sunshine coast,0,4,0%,26.25
debt in collections,0,4,0%,29
collection agency number,0,4,0%,30.25
multi award,0,4,0%,31
premium collections,0,4,0%,31
collections login,0,4,0%,31.25
acs loging,0,4,0%,32
final demand letter for payment,0,4,0%,34.75
american collection agency,0,4,0%,35
debt in collection,0,4,0%,35.75
collection agency for small businesses,0,4,0%,36.5
collection agency adelaide,0,4,0%,37
collecting agent,0,4,0%,38
debt collection agency queensland,0,4,0%,42
debt collection agency letter,0,4,0%,43
what is the average collection rate for a collection agency,0,4,0%,44
debt collection trinidad and tobago,0,4,0%,46.25
ams debt collector,0,4,0%,48.75
debt collector agent,0,4,0%,48.75
corporate debt collection services,0,4,0%,50.25
debt collection license,0,4,0%,51.5
credit coll,0,4,0%,54.25
debt recovery industry,0,4,0%,54.25
what is the collection agency,0,4,0%,54.25
when do debt collectors start calling,0,4,0%,55.25
collections agent,0,4,0%,55.5
debt collectors letter,0,4,0%,56
what does a debt collector do,0,4,0%,56.25
debt sold to collection agency,0,4,0%,56.5
scs debt collection,0,4,0%,57.5
debt collection myanmar,0,4,0%,59.75
private collection agency,0,4,0%,61
collection of debt letter,0,4,0%,61.25
debt collections for small business,0,4,0%,61.25
what is collections agency,0,4,0%,62.75
demand letter australia,0,4,0%,67
business debt collection melbourne,0,4,0%,68.25
small debt collectors melbourne,0,4,0%,69
external debt collection agency,0,4,0%,70.25
just rewards,0,4,0%,70.25
financial debt recovery collection agency,0,4,0%,73.5
guarantee services,0,4,0%,74.25
debt recovery solution,0,4,0%,80.5
collection companies for small business,0,4,0%,82.75
debt collection peru,0,4,0%,85.25
debt collection agency in kinshasa,0,4,0%,93
sales companies guaranteed results au,0,4,0%,97.25
how much is a debt collector,0,3,0%,1
how to get a debt collector,0,3,0%,1
acs billing service,0,3,0%,2
acs oklahoma city,0,3,0%,2.67
advanced collection services,0,3,0%,2.67
amc pay online debt collector,0,3,0%,3
what is acs services,0,3,0%,3
hiring a debt collector,0,3,0%,4.33
debt collection agency phone number,0,3,0%,4.67
debt recover services,0,3,0%,4.67
demand letter success rate,0,3,0%,4.67
legal recoveries,0,3,0%,4.67
acs court,0,3,0%,5
collection agency company,0,3,0%,5
debt collectio,0,3,0%,5
debt collector commission,0,3,0%,5
recovery agency near me,0,3,0%,5
debt and recovery services,0,3,0%,5.33
financial collection agency,0,3,0%,5.33
action recovery services,0,3,0%,6
debt collector number,0,3,0%,6
acc collections,0,3,0%,6.33
receivables management debt collection,0,3,0%,6.33
credit services collection agency,0,3,0%,6.67
abc debt collection,0,3,0%,7
accredited collection service company,0,3,0%,7
collection firm,0,3,0%,7
collection recovery agency,0,3,0%,7
debt recovery specialist,0,3,0%,7
get collection,0,3,0%,7